Car Make,Car Model,Year,Engine Size (L),Horsepower,Torque (lb-ft),0-60 MPH Time (seconds),Price (in USD)
Rimac,C_Two,2021,Electric,1914,1732,1.8,"2,400,000"
Rimac,Nevera,2022,Electric,1914,1696,1.85,"2,400,000"
Rimac,Nevera,2021,Electric,1914,1696,1.85,"2,400,000"
Rimac,Nevera,2022,Electric,1914,1696,1.85,"2,400,000"
Rimac,C_Two,2022,Electric,1914,1732,1.85,"2,400,000"
Rimac,Nevera,2021,Electric,1888,1696,1.85,"2,400,000"
Rimac,Nevera,2022,Electric,1914,1696,1.85,"2,400,000"
Rimac,C_Two,2022,Electric,1914,1696,1.9,"2,400,000"
Tesla,Roadster,2022,Electric,1000+,737,1.9,"200,000"
Tesla,Model S Plaid,2021,Electric,1020,1050,1.9,"141,190"
Tesla,Model S Plaid,2022,Electric,"1,020","1,050",1.9,"141,190"
Pininfarina,Battista,2021,Electric,1872,1696,1.9,"2,500,000"
Tesla,Roadster,2023,Electric,"1,000+",737,1.9,"200,000"
Tesla,Roadster,2022,Electric,1000,737,1.9,"200,000"
Tesla,Roadster,2022,Electric,1000+,"10,000+",1.9,"200,000"
Rimac,C_Two,2021,Electric,1914,1696,1.9,"2,400,000"
Tesla,Model S Plaid,2021,Electric,1020,1050,1.9,"141,990"
Tesla,Model S Plaid,2021,Electric,1020,1050,1.9,"131,100"
Tesla,Roadster,2022,Electric,"10,000","7,376",1.9,"200,000"
Rimac,Nevera,2021,Electric,1914,1696,1.9,"2,400,000"
Tesla,Roadster,2022,Electric,1000+,-,1.9,"200,000"
Tesla,Model S Plaid,2021,Electric,1020,,1.9,"139,990"
Pininfarina,Battista,2022,Electric,1874,1696,1.9,"2,500,000"
Rimac,Nevera,2022,Electric,1914,1696,1.95,"2,400,000"
Tesla,Model S Plaid,2022,Electric,1020,1050,1.98,"131,190"
Tesla,Model S Plaid,2022,Electric,1020,1050,1.98,"139,990"
Tesla,Model S Plaid,2022,Electric,1020,1050,1.98,"140,000"
Tesla,Model S,2022,Electric,1020,1050,1.98,"119,000"
Lotus,Evija,2021,Electric,1972,1254,2.0,"2,000,000"
Koenigsegg,Jesko Absolut,2022,Electric,1600,1106,2.1,"2,800,000"
Porsche,918 Spyder,2015,Electric,887,944,2.2,"1,800,000"
Bugatti,Chiron,2021,Electric,1500,1180,2.3,"3,000,000"
Bugatti,Chiron,2022,Electric,1500,1180,2.3,"3,000,000"
Ultima,RS,2021,Electric,1200,1300,2.3,"220,000"
Bugatti,Chiron Super Sport 300+,2022,Electric,1578,1180,2.3,"5,200,000"
Bugatti,Chiron Pur Sport,2021,Electric,1500,1180,2.3,"3,599,000"
Bugatti,Chiron,2021,Electric,1479,1180,2.3,"2,998,000"
Bugatti,Chiron,2021,Electric,1500,1180,2.3,"3,000,000"
Bugatti,Chiron,2021,Electric,1479,1180,2.4,"3,000,000"
Bugatti,Chiron,2022,Electric,1500,1180,2.4,"3,000,000"
Bugatti,Chiron Super Sport 300+,2021,Electric,1578,1180,2.4,"5,200,000"
Bugatti,Chiron,2021,Electric,1500,1180,2.4,"3,000,000"
Bugatti,Chiron,2021,Electric,1500,1180,2.4,"2,998,000"
Bugatti,Chiron,2022,Electric,1479,1180,2.4,"2,900,000"
Bugatti,Chiron,2021,Electric,1500,1180,2.4,"3,000,000"
Bugatti,Chiron,2021,Electric,"1,500","1,180",2.4,"3,000,000"
Bugatti,Chiron,2022,Electric,1500,1180,2.4,"3,000,000"
Bugatti,Chiron,2021,Electric,1500,1180,2.4,"3,000,000"
Bugatti,Chiron,2022,Electric,1500,1180,2.4,"3,000,000"
Bugatti,Chiron,2021,Electric,1479,1180,2.4,"3,000,000"
Bugatti,Chiron,2021,Electric,1500,1180,2.4,"3,000,000"
Bugatti,Chiron,2022,Electric,1500,1180,2.4,"3,000,000"
Koenigsegg,Jesko,2022,Electric,1600,1106,2.5,"3,000,000"
Bugatti,Chiron,2021,Electric,1500,1180,2.5,"3,000,000"
Koenigsegg,Jesko,2022,Electric,1280,1015,2.5,"2,800,000"
Ferrari,SF90 Stradale,2021,Electric,986,590,2.5,"625,000"
Ferrari,SF90 Stradale,2021,Electric,986,590,2.5,"625,000"
Bugatti,Chiron,2022,Electric,1500,1180,2.5,"3,900,000"
Ferrari,SF90 Stradale,2021,Electric,986,590,2.5,"625,000"
Ferrari,SF90 Stradale,2021,Electric,986,590,2.5,"625,000"
Ferrari,SF90 Stradale,2021,Electric,986,590,2.5,"625,000"
Lotus,Evija,2022,Electric,1973,1254,2.5,"2,750,000"
Ferrari,SF90 Stradale,2021,Electric,986,590,2.5,"625,000"
Koenigsegg,Jesko,2022,Electric,1600,1106,2.5,"3,000,000"
Koenigsegg,Jesko,2021,Electric,1262,1106,2.5,"3,000,000"
Koenigsegg,Jesko,2022,Electric,1280,1106,2.5,"2,800,000"
Ferrari,SF90 Stradale,2021,Electric,986,590,2.5,"625,000"
Koenigsegg,Jesko,2022,Electric,1280,1106,2.5,"3,000,000"
Koenigsegg,Jesko,2022,Electric,1280,1015,2.5,"3,000,000"
Koenigsegg,Jesko,2021,Electric,1280,1015,2.5,"2,800,000"
Nissan,GT-R Nismo,2021,Electric,600,481,2.5,"212,000"
Ferrari,SF90 Stradale,2021,Electric,986,590,2.5,"625,000"
Koenigsegg,Jesko,2021,Electric,1280,1106,2.5,"2,800,000"
Pagani,Huayra Roadster BC,2021,Electric,791,774,2.5,"3,500,000"
Ferrari,SF90 Stradale,2021,Electric,986,590,2.5,"625,000"
Koenigsegg,Jesko,2021,Electric,1280,1015,2.5,"3,000,000"
Ferrari,SF90 Stradale,2022,Electric,986,590,2.5,"625,000"
Ferrari,SF90 Stradale,2022,Electric,986,590,2.5,"625,000"
Ferrari,SF90 Stradale,2021,Electric,986,590,2.5,"625,000"
Ferrari,SF90 Stradale,2021,Electric,986,590,2.5,"625,000"
Koenigsegg,Jesko,2022,Electric,1600,1106,2.5,"3,000,000"
Ferrari,SF90 Stradale,2022,Electric,986,590,2.5,"507,000"
Ferrari,SF90 Stradale,2022,Electric,986,590,2.5,"625,000"
McLaren,Speedtail,2021,Electric,1035,848,2.5,"2,300,000"
Ferrari,SF90 Stradale,2021,Electric,986,590,2.5,"625,000"
Ferrari,SF90 Stradale,2022,Electric,986,590,2.5,"625,000"
Lotus,Evija,2022,Electric,1973,1254,2.5,"2,600,000"
Ferrari,SF90 Stradale,2021,Electric,986,590,2.5,"625,000"
Ferrari,SF90 Stradale,2021,Electric,986,590,2.5,"625,000"
Koenigsegg,Jesko,2021,Electric,1280,1015,2.5,"2,800,000"
Ferrari,SF90 Stradale,2021,Electric,986,590,2.5,"625,000"
Nissan,GT-R Nismo,2021,Electric,600,481,2.5,"212,000"
Ferrari,SF90 Stradale,2022,Electric,986,590,2.5,"625,000"
Bugatti,Chiron,2021,Electric,1479,1180,2.5,"3,000,000"
Koenigsegg,Jesko,2021,Electric,1280,1106,2.5,"2,800,000"
Ferrari,SF90 Stradale,2022,Electric,986,590,2.5,"625,000"
Koenigsegg,Jesko,2022,Electric,1280,1015,2.5,"3,000,000"
Lotus,Evija,2022,Electric,1973,1254,2.5,"2,000,000"
Ferrari,SF90 Stradale,2021,Electric,986,590,2.5,"625,000"
Porsche,Taycan Turbo S,2021,Electric,750,774,2.6,"185,000"
Porsche,911 Turbo S,2022,Electric,640,590,2.6,"208,000"
Porsche,Taycan,2022,Electric,616,774,2.6,"79,900"
Porsche,Taycan,2021,Electric,616,774,2.6,"185,000"
Porsche,Taycan Turbo S,2022,Electric,750,774,2.6,"185,000"
Porsche,Taycan Turbo S,2021,Electric,750,774,2.6,"185,000"
Pagani,Huayra,2021,Electric,764,738,2.6,"2,600,000"
Chevrolet,Corvette Z06,2023,Electric,625,650,2.6,"85,000"
Porsche,Taycan Turbo S,2021,Electric,750,774,2.6,"185,000"
Pagani,Huayra,2021,Electric,764,738,2.6,"2,600,000"
Porsche,Taycan Turbo S,2022,Electric,750,774,2.6,"185,000"
Porsche,Taycan,2021,Electric,750,774,2.6,"185,000"
Acura,NSX,2022,Electric,573,476,2.7,"157,500"
McLaren,720S,2021,Electric,710,568,2.7,"298,000"
McLaren,570S,2021,Electric,562,443,2.7,"204,995"
McLaren,Senna,2021,Electric,789,590,2.7,"1,000,000"
McLaren,720S,2021,Electric,710,568,2.7,"298,000"
W Motors,Fenyr SuperSport,2022,Electric,800,723,2.7,"1,550,000"
Acura,NSX,2021,Electric,573,476,2.7,"157,500"
Acura,NSX,2021,Electric,573,476,2.7,"157,500"
Acura,NSX,2022,Electric,573,476,2.7,"157,500"
Acura,NSX,2022,Electric,573,476,2.7,"157,500"
Acura,NSX,2022,Electric,573,476,2.7,"157,500"
Acura,NSX,2021,Electric,573,476,2.7,"159,495"
McLaren,Senna,2021,Electric,789,590,2.7,"1,000,000"
Pagani,Huayra BC,2021,Electric,791,774,2.7,"2,600,000"
W Motors,Fenyr Supersport,2022,Electric,800,723,2.7,"1,700,000"
Acura,NSX,2021,Electric,573,476,2.7,"157,500"
Acura,NSX,2022,Electric,573,476,2.7,"157,500"
Acura,NSX,2021,Electric,573,476,2.7,"157,500"
Acura,NSX,2021,Electric,573,476,2.7,"157,500"
McLaren,Senna,2019,Electric,789,590,2.7,"1,050,000"
Acura,NSX,2021,Electric,573,476,2.7,"159,495"
McLaren,Senna,2020,Electric,789,590,2.7,"1,500,000"
Maserati,GranTurismo,2021,Electric,550,,2.8,"200,000"
Ford,GT,2022,Electric,660,550,2.8,"500,000"
McLaren,600LT Spider,2021,Electric,592,457,2.8,"256,500"
Lamborghini,Aventador SVJ,2020,Electric,759,531,2.8,"517,000"
Lamborghini,Aventador SVJ,2021,Electric,759,531,2.8,"517,000"
McLaren,600LT,2021,Electric,592,457,2.8,"256,500"
Lotus,Evija,2021,Electric,2000,1254,2.8,"2,800,000"
Lamborghini,Aventador SVJ,2020,Electric,759,531,2.8,"573,966"
Lamborghini,Aventador,2021,Electric,770,531,2.8,"417,650"
Lamborghini,Aventador,2021,Electric,770,531,2.8,"417,826"
McLaren,600LT Spider,2021,Electric,592,457,2.8,"256,500"
McLaren,600LT,2021,Electric,592,457,2.8,"242,500"
Ford,GT,2022,Electric,660,550,2.8,"500,000"
Lamborghini,Aventador,2021,Electric,770,531,2.8,"393,695"
Lamborghini,Aventador SVJ,2021,Electric,770,531,2.8,"518,000"
Ford,GT,2021,Electric,660,550,2.8,"500,000"
Ford,GT,2022,Electric,660,550,2.8,"500,000"
Ferrari,F8 Tributo,2022,Electric,710,568,2.8,"275,000"
Ford,GT,2021,Electric,660,550,2.8,"500,000"
McLaren,600LT Spider,2021,Electric,592,457,2.8,"256,500"
McLaren,765LT,2021,Electric,755,590,2.8,"358,000"
Lamborghini,Aventador SVJ,2021,Electric,770,531,2.8,"517,770"
Lamborghini,Si√°n,2021,Electric,819,531,2.8,"3,600,000"
McLaren,765LT,2021,Electric,755,590,2.8,"358,000"
Ferrari,F8 Tributo,2022,Electric,710,568,2.8,"276,550"
Ferrari,812 Superfast,2021,Electric,789,530,2.8,"340,000"
Ford,GT,2022,Electric,660,550,2.8,"500,000"
Lamborghini,Aventador SVJ,2021,Electric,770,531,2.8,"517,700"
Lamborghini,Aventador,2021,Electric,770,531,2.8,"417,826"
McLaren,600LT,2021,Electric,592,457,2.8,"240,000"
Lamborghini,Aventador SVJ,2021,Electric,759,531,2.8,"517,770"
Lamborghini,Aventador SVJ,2020,Electric,770,531,2.8,"573,966"
Lamborghini,Aventador,2022,Electric,770,531,2.8,"393,695"
Pagani,Huayra,2021,Electric,764,738,2.8,"3,500,000"
Lamborghini,Aventador,2021,Electric,770,531,2.8,"417,826"
Ford,GT,2021,Electric,647,550,2.8,"500,000"
McLaren,600LT,2021,Electric,592,457,2.8,"256,500"
W Motors,Lykan Hypersport,2015,Electric,780,708,2.8,"3,400,000"
Ford,GT,2022,Electric,660,550,2.8,"500,000"
Ford,GT,2022,Electric,660,550,2.8,"500,000"
Pagani,Huayra,2022,Electric,764,738,2.8,"2,800,000"
Chevrolet,Corvette Stingray,2021,Electric,490,465,2.8,"59,900"
Lamborghini,Aventador SVJ,2021,Electric,759,531,2.8,"517,770"
Lamborghini,Huracan,2021,Electric,630,443,2.8,"274,390"
McLaren,600LT,2021,Electric,592,457,2.8,"241,000"
Chevrolet,Corvette,2021,Electric,490,465,2.8,"59,900"
McLaren,570S,2021,Electric,562,443,2.8,"192,500"
Ford,GT,2022,Electric,660,550,2.8,"500,000"
Lamborghini,Aventador SVJ,2021,Electric,759,531,2.8,"518,000"
Pagani,Huayra,2021,Electric,764,740,2.8,"2,600,000"
Ferrari,F8 Tributo,2021,Electric,710,568,2.8,"274,280"
Ferrari,F8 Tributo,2021,Electric,710,568,2.8,"274,280"
Ariel,Atom,2021,Electric,320,243,2.8,"75,000"
Lamborghini,Huracan,2021,Electric,630,443,2.8,"274,390"
Lamborghini,Aventador,2021,Electric,730,507,2.8,"517,770"
Chevrolet,Corvette,2021,Electric,490,465,2.8,"59,900"
Lamborghini,Aventador SVJ,2021,Electric,759,531,2.8,"517,770"
Pagani,Huayra,2021,Electric,720,737,2.8,"2,800,000"
Acura,NSX,2022,Electric,573,476,2.9,"159,495"
Ferrari,F8 Tributo,2022,Electric,710,568,2.9,"276,550"
Ferrari,F8 Tributo,2021,Electric,710,568,2.9,"274,280"
Lamborghini,Aventador S,2021,Electric,730,509,2.9,"417,650"
Ford,GT,2021,Electric,660,550,2.9,"500,000"
McLaren,570S,2022,Electric,562,443,2.9,"204,550"
Lamborghini,Aventador,2021,Electric,770,531,2.9,"522,000"
Acura,NSX,2021,Electric,573,476,2.9,"157,500"
Chevrolet,Corvette Stingray,2021,Electric,490,465,2.9,"59,900"
Acura,NSX,2022,Electric,573,476,2.9,"157,500"
Porsche,Panamera Turbo S,2022,Electric,620,604,2.9,"187,700"
Lamborghini,Aventador S,2021,Electric,730,509,2.9,"417,826"
Lamborghini,Aventador S,2021,Electric,730,509,2.9,"417,826"
Ford,GT,2021,Electric,660,550,2.9,"500,000"
Lamborghini,Aventador,2021,Electric,770,531,2.9,"393,695"
Porsche,Panamera Turbo S,2021,Electric,620,604,2.9,"180,000"
Lamborghini,Aventador,2021,Electric,730,509,2.9,"417,826"
Porsche,Panamera Turbo S,2022,Electric,630,604,2.9,"181,100"
Lamborghini,Aventador S,2021,Electric,730,507,2.9,"417,826"
Lamborghini,Aventador,2021,Electric,730,509,2.9,"517,000"
Lamborghini,Aventador,2021,Electric,729,509,2.9,"393,695"
Ferrari,F8 Spider,2021,Electric,710,568,2.9,"274,280"
McLaren,570S,2021,Electric,562,443,2.9,"208,800"
Chevrolet,Corvette Stingray,2021,Electric,495,470,2.9,"58,900"
Lamborghini,Aventador S,2021,Electric,730,509,2.9,"417,826"
Lamborghini,Aventador,2021,Electric,730,509,2.9,"393,695"
Lamborghini,Aventador S,2021,Electric,730,509,2.9,"417,650"
Ford,GT,2021,Electric,660,550,2.9,"500,000"
Ford,GT,2022,Electric,660,550,2.9,"500,000"
Lamborghini,Aventador,2021,Electric,729,507,2.9,"393,695"
Chevrolet,Corvette Stingray,2021,Electric,495,470,2.9,"58,900"
Lamborghini,Aventador,2021,Electric,759,531,2.9,"393,695"
Lamborghini,Aventador S,2021,Electric,729,507,2.9,"417,650"
Lamborghini,Aventador,2021,Electric,730,509,2.9,"393,695"
Maserati,MC20,2021,Electric,621,538,2.9,"210,000"
Mercedes-Benz,SLS AMG,2021,Electric,730,590,2.9,"250,000"
Lamborghini,Aventador S,2022,Electric,729,507,2.9,"460,247"
Porsche,Panamera Turbo S,2021,Electric,620,604,2.9,"180,000"
Acura,NSX,2021,Electric,573,476,2.9,"157,500"
Ford,GT,2022,Electric,660,550,2.9,"500,000"
Lamborghini,Aventador,2021,Electric,770,531,2.9,"417,826"
Ferrari,F8 Tributo,2021,Electric,710,568,2.9,"274,280"
Lamborghini,Aventador S,2021,Electric,729,507,2.9,"417,826"
Lamborghini,Aventador,2021,Electric,730,509,2.9,"517,000"
Porsche,Panamera Turbo S,2022,Electric,630,604,2.9,"180,800"
Lamborghini,Aventador,2021,Electric,730,509,2.9,"393,695"
Ferrari,F8 Spider,2021,Electric,710,568,2.9,"280,000"
Lamborghini,Aventador,2021,Electric,729,507,2.9,"393,695"
Ford,GT,2022,Electric,660,550,2.9,"500,000"
Ferrari,F8 Spider,2022,Electric,710,568,2.9,"274,390"
Porsche,Panamera Turbo S,2021,Electric,620,604,2.9,"177,700"
Lamborghini,Aventador S,2021,Electric,729,509,2.9,"417,650"
McLaren,600LT,2021,Electric,592,457,2.9,"256,500"
Lamborghini,Aventador,2021,Electric,759,531,2.9,"517,770"
Lamborghini,Aventador,2021,Electric,730,509,2.9,"517,700"
Ferrari,F8 Tributo,2021,Electric,710,568,2.9,"276,550"
Ford,GT,2022,Electric,660,550,2.9,"500,000"
Ferrari,812 Superfast,2021,Electric,789,530,2.9,"363,730"
Chevrolet,Corvette Stingray,2021,Electric,495,470,2.9,"60,995"
Ferrari,F8 Tributo,2021,Electric,710,568,2.9,"274,280"
Ford,GT,2022,Electric,660,550,2.9,"500,000"
Ford,GT,2021,Electric,660,550,2.9,"500,000"
McLaren,Artura,2022,Electric,671,531,3.0,"225,000"
Ford,GT,2022,Electric,660,550,3.0,"500,000"
Porsche,Panamera Turbo S E-Hybrid,2021,Electric,689,642,3.0,"190,000"
Porsche,Panamera Turbo S E-Hybrid,2021,Electric,690,642,3.0,"190,000"
McLaren,Artura,2022,Electric,671,531,3.0,"225,000"
McLaren,Artura,2022,Electric,671,531,3.0,"225,000"
Porsche,Panamera Turbo S E-Hybrid,2021,Electric,689,642,3.0,"190,000"
McLaren,Artura,2022,Electric,671,531,3.0,"225,000"
Ford,GT,2022,Electric,660,550,3.0,"500,000"
Pagani,Huayra,2021,Electric,730,738,3.0,"2,600,000"
Ford,GT,2022,Electric,660,550,3.0,"500,000"
Ford,GT,2022,Electric,660,550,3.0,"500,000"
Pagani,Huayra,2021,Electric,764,738,3.0,"2,600,000"
Ford,GT,2021,Electric,660,550,3.0,"500,000"
Ferrari,488 GTB,2022,Electric,661,561,3.0,"333,750"
Ferrari,488 GTB,2022,Electric,661,561,3.0,"333,750"
McLaren,Artura,2021,Electric,671,531,3.0,"225,000"
Ford,GT,2022,Electric,647,550,3.0,"500,000"
McLaren,Artura,2021,Electric,671,531,3.0,"225,000"
Pagani,Huayra,2021,Electric,764,737,3.0,"2,600,000"
McLaren,Artura,2022,Electric,671,531,3.0,"225,000"
Porsche,Panamera Turbo S E-Hybrid,2021,Electric,690,641,3.0,"186,350"
McLaren,Artura,2021,Electric,671,531,3.0,"225,000"
Ford,GT,2021,Electric,660,550,3.0,"500,000"
Pagani,Huayra,2020,Electric,720,738,3.0,"2,700,000"
McLaren,Artura,2022,Electric,671,531,3.0,"225,000"
Ford,GT,2022,Electric,660,550,3.0,"500,000"
Ford,GT,2022,Electric,660,550,3.0,"500,000"
Ford,GT,2022,Electric,647,550,3.0,"500,000"
Ford,GT,2021,Electric,660,550,3.0,"500,000"
Ford,GT,2022,Electric,660,550,3.0,"500,000"
Ford,GT,2021,Electric,647,550,3.0,"500,000"
McLaren,Artura,2022,Electric,671,531,3.0,"225,000"
McLaren,Artura,2021,Electric,671,531,3.0,"225,000"
McLaren,Artura,2022,Electric,671,531,3.0,"225,000"
Ford,GT,2022,Electric,660,550,3.0,"500,000"
Ford,GT,2021,Electric,660,550,3.0,"500,000"
McLaren,GT,2022,Electric,612,465,3.1,"215,500"
McLaren,570S,2021,Electric,562,443,3.1,"200,000"
Mercedes-Benz,AMG GT Black Series,2021,Electric,720,590,3.1,"325,000"
McLaren,GT,2021,Electric,612,465,3.1,"201,500"
Mercedes-AMG,GT Black Series,2021,Electric,720,590,3.1,"325,000"
McLaren,570S Spider,2020,Electric,562,443,3.1,"208,800"
BMW,M8,2022,Electric,617,553,3.1,"130,000"
McLaren,GT,2022,Electric,620,465,3.1,"211,300"
McLaren,GT,2021,Electric,620,465,3.1,"210,000"
Mercedes-AMG,GT Black Series,2021,Electric,720,590,3.1,"325,000"
BMW,M5 Competition,2022,Electric,617,553,3.1,"103,500"
McLaren,GT,2021,Electric,612,465,3.1,"211,000"
McLaren,570S,2022,Electric,562,443,3.1,"198,950"
McLaren,570S,2021,Electric,562,443,3.1,"192,500"
McLaren,570S,2021,Electric,562,443,3.1,"208,800"
McLaren,570S,2021,Electric,562,443,3.1,"191,000"
McLaren,570S,2021,Electric,562,443,3.1,"196,350"
McLaren,570S,2021,Electric,562,443,3.1,"202,000"
BMW,M8,2022,Electric,617,553,3.1,"130,000"
McLaren,GT,2020,Electric,612,465,3.1,"210,000"
McLaren,GT,2021,Electric,620,465,3.1,"210,000"
McLaren,GT,2022,Electric,620,465,3.1,"213,195"
McLaren,570S,2021,Electric,562,443,3.1,"195,000"
McLaren,570S,2021,Electric,562,443,3.1,"193,000"
McLaren,GT,2021,Electric,612,465,3.1,"250,000"
Mercedes-AMG,GT 63 S,2021,Electric,630,664,3.1,"162,000"
McLaren,GT,2021,Electric,612,465,3.1,"212,500"
McLaren,GT,2021,Electric,612,465,3.1,"210,000"
McLaren,GT,2022,Electric,612,465,3.1,"210,000"
McLaren,570S,2021,Electric,562,443,3.1,"192,500"
Mercedes-Benz,AMG GT 4-Door Coupe,2021,Electric,630,664,3.1,"171,200"
McLaren,570S,2021,Electric,562,443,3.1,"192,500"
Mercedes-Benz,AMG GT 63 S,2021,Electric,630,664,3.1,"162,900"
McLaren,570S,2020,Electric,562,443,3.1,"204,550"
McLaren,570S,2020,Electric,562,443,3.1,"208,000"
McLaren,GT,2021,Electric,612,465,3.1,"210,000"
Mercedes-AMG,GT Black Series,2021,Electric,720,590,3.1,"330,000"
McLaren,570S,2021,Electric,562,443,3.1,"203,500"
McLaren,GT,2022,Electric,620,465,3.1,"208,000"
McLaren,GT,2021,Electric,612,465,3.1,"210,000"
McLaren,570S,2021,Electric,562,443,3.1,"202,500"
McLaren,GT,2021,Electric,612,465,3.1,"210,000"
McLaren,570S,2021,Electric,562,443,3.1,"192,500"
McLaren,570S,2021,Electric,562,443,3.1,"191,000"
McLaren,GT,2021,Electric,612,465,3.1,"210,000"
McLaren,570S,2021,Electric,562,443,3.1,"192,500"
Audi,RS 6 Avant,2022,Electric,591,590,3.1,"110,045"
Porsche,Panamera Turbo S,2022,Electric,630,604,3.1,"180,000"
McLaren,GT,2021,Electric,612,465,3.1,"210,000"
Porsche,Panamera Turbo,2022,Electric,620,604,3.1,"174,300"
McLaren,GT,2022,Electric,612,465,3.2,"210,000"
Lamborghini,Urus,2021,Electric,641,627,3.2,"222,004"
Lamborghini,Urus,2021,Electric,641,627,3.2,"218,000"
Aston Martin,DBS Superleggera,2021,Electric,715,663,3.2,"305,000"
Lamborghini,Urus,2021,Electric,641,627,3.2,"218,009"
BMW,M5,2022,Electric,600,553,3.2,"103,500"
Mercedes-Benz,SLS AMG,2015,Electric,622,468,3.2,"222,000"
Aston Martin,DBS Superleggera,2021,Electric,715,664,3.2,"307,820"
McLaren,GT,2021,Electric,612,465,3.2,"200,000"
Mercedes-Benz,AMG GT Black Series,2021,Electric,720,590,3.2,"326,050"
BMW,M5,2021,Electric,600,553,3.2,"103,500"
BMW,M5,2022,Electric,600,553,3.2,"104,000"
Aston Martin,DBS Superleggera,2021,Electric,715,663,3.2,"310,000"
Aston Martin,DBS Superleggera,2021,Electric,715,663,3.2,"304,995"
Aston Martin,DBS Superleggera,2021,Electric,715,663,3.2,"308,000"
BMW,M5,2022,Electric,600,553,3.2,"103,500"
Lamborghini,Urus,2021,Electric,641,627,3.2,"218,000"
Lamborghini,Urus,2022,Electric,641,626,3.2,"218,009"
Audi,R8,2022,Electric,562,406,3.2,"142,700"
BMW,M5,2022,Electric,600,553,3.2,"103,500"
Aston Martin,DBS Superleggera,2022,Electric,715,663,3.2,"308,000"
BMW,M5,2022,Electric,600,553,3.2,"103,500"
Lamborghini,Urus,2021,Electric,641,627,3.2,"218,000"
Aston Martin,DBS Superleggera,2021,Electric,715,664,3.2,"304,995"
BMW,M5,2022,Electric,600,553,3.2,"103,500"
McLaren,GT,2021,Electric,612,465,3.2,"208,800"
BMW,M5,2022,Electric,600,553,3.2,"103,500"
Aston Martin,DBS Superleggera,2022,Electric,715,664,3.2,"307,820"
McLaren,570S,2021,Electric,562,443,3.2,"192,500"
Aston Martin,DBS Superleggera,2021,Electric,715,664,3.2,"304,995"
Porsche,Panamera Turbo S E-Hybrid,2021,Electric,690,642,3.2,"190,000"
Audi,R8,2022,Electric,562,406,3.2,"142,700"
Mercedes-Benz,SLS AMG,2021,Electric,622,468,3.2,"275,000"
Lamborghini,Urus,2021,Electric,641,627,3.2,"218,000"
Aston Martin,DBS Superleggera,2022,Electric,715,664,3.2,"329,100"
Bentley,Continental GT,2021,Electric,626,664,3.3,"220,000"
Mercedes-Benz,GT 63,2021,Electric,577,590,3.3,"161,200"
Ferrari,Roma,2022,Electric,612,560,3.3,"222,630"
Bentley,Continental GT,2021,Electric,542,568,3.3,"202,500"
Dodge,Viper,2017,Electric,645,600,3.3,"120,000"
Bentley,Continental GT,2021,Electric,626,664,3.3,"201,000"
Ferrari,Roma,2021,Electric,611,561,3.3,"222,000"
Ferrari,Roma,2021,Electric,611,560,3.3,"222,620"
Bentley,Continental GT,2022,Electric,626,664,3.3,"225,000"
Dodge,Viper,2017,Electric,645,600,3.3,"118,795"
Bentley,Continental GT,2021,Electric,626,664,3.3,"219,800"
Bentley,Continental GT,2021,Electric,626,664,3.3,"202,500"
Ferrari,Portofino,2022,Electric,612,561,3.3,"245,000"
Ferrari,Portofino,2021,Electric,591,560,3.3,"218,750"
Bentley,Continental GT,2021,Electric,626,664,3.3,"218,400"
Bentley,Continental GT,2021,Electric,626,664,3.3,"202,500"
Ferrari,Roma,2021,Electric,612,561,3.3,"222,620"
Dodge,Charger,2021,Electric,797,707,3.3,"72,000"
Ferrari,Portofino,2022,Electric,591,413,3.3,"218,750"
Ferrari,Roma,2021,Electric,611,561,3.3,"222,000"
Bentley,Continental GT,2022,Electric,626,664,3.3,"214,425"
Ferrari,Roma,2021,Electric,612,561,3.3,"222,630"
Dodge,Viper ACR,2017,Electric,645,600,3.3,"126,190"
Aston Martin,DBS Superleggera,2021,Electric,715,664,3.4,"304,995"
Mercedes-Benz,CLS63 AMG,2019,Electric,603,627,3.4,"132,000"
Bentley,Continental GT,2021,Electric,626,664,3.4,"220,300"
Aston Martin,DBS Superleggera,2022,Electric,715,663,3.4,"330,000"
Dodge,Challenger Hellcat Redeye,2022,Electric,797,707,3.4,"82,190"
Ferrari,Portofino,2022,Electric,591,561,3.4,"250,000"
Ferrari,Portofino M,2021,Electric,612,561,3.4,"235,000"
Aston Martin,DBS Superleggera,2021,Electric,715,664,3.4,"307,820"
Ferrari,Roma,2021,Electric,612,560,3.4,"222,000"
Dodge,Challenger SRT Hellcat Redeye,2022,Electric,797,707,3.4,"78,595"
Aston Martin,DBS Superleggera,2022,Electric,715,664,3.4,"314,500"
Audi,RS 7,2021,Electric,591,590,3.4,"114,000"
Audi,TT RS,2022,Electric,394,354,3.4,"67,895"
Dodge,Challenger SRT Hellcat Redeye,2022,Electric,797,707,3.4,"74,290"
Aston Martin,DBS Superleggera,2021,Electric,715,664,3.4,"307,820"
Mercedes-Benz,S63 AMG,2021,Electric,603,664,3.4,"168,000"
Aston Martin,DBS Superleggera,2021,Electric,715,664,3.4,"304,995"
Aston Martin,DBS Superleggera,2022,Electric,715,663,3.4,"321,000"
Mercedes-Benz,S63 AMG,2021,Electric,603,664,3.4,"152,500"
Audi,TT RS,2022,Electric,394,354,3.4,"67,000"
Bentley,Continental GT,2022,Electric,542,568,3.4,"207,825"
Bentley,Continental GT,2022,Electric,626,664,3.5,"203,825"
Bentley,Continental GT Speed,2022,Electric,650,664,3.5,"300,000"
Chevrolet,Camaro ZL1,2021,Electric,650,650,3.5,"63,000"
Jaguar,F-Type R,2021,Electric,575,516,3.5,"103,200"
Dodge,Challenger SRT Hellcat Redeye,2022,Electric,797,707,3.5,"80,190"
Audi,RS6,2022,Electric,591,590,3.5,"120,000"
Audi,RS 6 Avant,2021,Electric,591,590,3.5,"110,000"
Chevrolet,Camaro ZL1,2021,Electric,650,650,3.5,"68,000"
Aston Martin,Vantage,2021,Electric,503,505,3.5,"147,000"
Mercedes-Benz,SLS AMG,2015,Electric,622,468,3.5,"228,000"
Dodge,Challenger SRT Hellcat,2021,Electric,717,656,3.5,"65,000"
Aston Martin,Vantage,2021,Electric,503,505,3.5,"142,100"
Ford,Mustang Shelby GT500,2022,Electric,760,625,3.5,"81,000"
Dodge,Challenger SRT Hellcat,2021,Electric,717,656,3.5,"64,195"
Jaguar,F-Type,2022,Electric,575,516,3.5,"103,200"
Dodge,Challenger SRT Hellcat Redeye,2021,Electric,797,707,3.5,"80,190"
Aston Martin,DB11,2022,Electric,630,516,3.5,"207,000"
Jaguar,F-Type R,2021,Electric,575,516,3.5,"103,200"
Mercedes-AMG,SLS AMG,2021,Electric,622,468,3.5,"248,000"
Audi,RS7,2021,Electric,591,590,3.5,"114,000"
Jaguar,F-Type,2021,Electric,575,516,3.5,"105,900"
Dodge,Challenger SRT Hellcat,2021,Electric,717,656,3.5,"63,000"
Dodge,Charger SRT Hellcat,2022,Electric,717,650,3.5,"78,595"
Chevrolet,Camaro ZL1,2021,Electric,650,650,3.5,"64,195"
Aston Martin,Vantage,2022,Electric,503,505,3.5,"149,995"
Audi,RS 5,2021,Electric,444,443,3.5,"75,100"
Chevrolet,Camaro ZL1,2021,Electric,650,650,3.5,"63,995"
Aston Martin,Vantage,2022,Electric,503,505,3.5,"146,000"
Audi,RS7,2022,Electric,591,590,3.5,"117,000"
Mercedes-Benz,SLS AMG,2021,Electric,622,468,3.5,"243,600"
Dodge,Challenger SRT Hellcat Redeye,2022,Electric,797,707,3.5,"76,000"
Audi,RS7,2022,Electric,591,590,3.5,"114,000"
Chevrolet,Camaro ZL1,2021,Electric,650,650,3.5,"62,000"
Dodge,Challenger SRT Hellcat,2021,Electric,717,656,3.5,"65,000"
Mercedes-Benz,SLS AMG,2015,Electric,622,468,3.5,"222,500"
Audi,RS6,2022,Electric,591,590,3.5,"113,000"
Audi,RS 6 Avant,2021,Electric,591,590,3.5,"109,000"
Audi,RS 7 Sportback,2022,Electric,591,590,3.5,"114,000"
Chevrolet,Camaro ZL1,2022,Electric,650,650,3.5,"65,000"
Chevrolet,Camaro ZL1,2021,Electric,650,650,3.5,"63,000"
Ferrari,Portofino M,2022,Electric,612,560,3.5,"245,000"
Lamborghini,Urus,2021,Electric,641,626,3.5,"218,000"
Audi,RS 5,2022,Electric,444,442,3.5,"75,400"
Audi,RS 3,2022,Electric,401,354,3.5,"56,000"
Chevrolet,Camaro ZL1,2021,Electric,650,650,3.5,"64,000"
Dodge,Challenger SRT Hellcat,2021,Electric,717,656,3.5,"60,695"
Audi,RS 7,2022,Electric,591,590,3.5,"114,000"
Audi,RS7,2022,Electric,591,590,3.5,"115,000"
Chevrolet,Camaro ZL1,2021,Electric,650,650,3.5,"64,695"
Audi,RS7,2021,Electric,591,590,3.5,"114,000"
Ferrari,Portofino,2021,Electric,592,560,3.5,"219,750"
Dodge,Challenger SRT Hellcat,2021,Electric,717,656,3.5,"65,290"
Chevrolet,Camaro ZL1,2021,Electric,650,650,3.5,"64,695"
Dodge,Challenger Hellcat,2021,Electric,717,656,3.5,"70,595"
Dodge,Challenger Hellcat,2021,Electric,717,656,3.5,"64,000"
Audi,RS7,2022,Electric,591,590,3.5,"115,045"
Chevrolet,Camaro ZL1,2021,Electric,650,650,3.5,"63,000"
Jaguar,F-Type,2021,Electric,575,516,3.5,"103,200"
Jaguar,F-Type R,2021,Electric,575,516,3.5,"103,200"
Audi,RS7,2021,Electric,591,590,3.5,"114,000"
Audi,RS 7,2022,Electric,591,590,3.5,"117,000"
Chevrolet,Camaro ZL1,2021,Electric,650,650,3.5,"63,000"
Dodge,Challenger SRT Hellcat,2021,Electric,717,656,3.5,"62,290"
Audi,RS 5,2022,Electric,444,443,3.5,"75,100"
Audi,RS7,2021,Electric,591,590,3.5,"114,000"
Mercedes-Benz,SLS AMG Black Series,2014,Electric,622,468,3.5,"275,000"
Lamborghini,Urus,2021,Electric,641,627,3.5,"218,009"
Audi,RS7,2022,Electric,591,590,3.5,"114,000"
Audi,RS 6,2022,Electric,591,590,3.5,"109,000"
Chevrolet,Camaro ZL1,2021,Electric,650,650,3.5,"62,500"
Chevrolet,Camaro ZL1,2021,Electric,650,650,3.5,"64,695"
Chevrolet,Camaro ZL1,2022,Electric,650,650,3.5,"67,000"
Dodge,Challenger SRT Hellcat,2021,Electric,717,656,3.5,"64,195"
Audi,RS7,2022,Electric,591,590,3.5,"115,000"
Mercedes-Benz,AMG GT R,2021,Electric,577,516,3.5,"183,000"
Ferrari,Portofino,2021,Electric,591,560,3.5,"218,750"
Dodge,Challenger SRT Hellcat,2022,Electric,717,656,3.5,"71,490"
Audi,RS7,2022,Electric,591,590,3.5,"115,045"
Dodge,Challenger SRT Hellcat Redeye,2021,Electric,797,707,3.5,"73,000"
Audi,RS7 Sportback,2022,Electric,591,590,3.5,"115,045"
Aston Martin,Vantage,2021,Electric,503,505,3.5,"146,000"
Jaguar,F-Type R,2021,Electric,575,516,3.5,"103,200"
Aston Martin,Vantage,2021,Electric,503,505,3.5,"150,000"
Audi,RS7,2021,Electric,591,590,3.5,"115,000"
Chevrolet,Camaro ZL1,2021,Electric,650,650,3.5,"64,695"
Audi,RS7 Sportback,2022,Electric,591,590,3.5,"114,000"
Dodge,Challenger SRT Hellcat,2022,Electric,717,656,3.5,"68,000"
Aston Martin,DB11,2021,Electric,630,516,3.5,"205,000"
Chevrolet,Camaro ZL1,2021,Electric,650,650,3.5,"63,000"
Chevrolet,Camaro ZL1,2021,Electric,650,650,3.5,"63,000"
Aston Martin,Vantage,2022,Electric,503,505,3.5,"142,086"
Audi,RS5 Coupe,2022,Electric,444,443,3.5,"76,350"
Ferrari,Portofino,2021,Electric,591,413,3.5,"215,000"
Audi,RS 7,2022,Electric,591,590,3.5,"114,000"
Chevrolet,Camaro ZL1,2022,Electric,650,650,3.5,"63,000"
Audi,TT RS Coupe,2022,Electric,394,354,3.5,"68,000"
Mercedes-Benz,AMG GT R,2021,Electric,577,516,3.5,"183,000"
Mercedes-Benz,SLS AMG Black Series,2021,Electric,622,468,3.5,"335,000"
Aston Martin,Vantage,2021,Electric,503,505,3.5,"146,000"
Chevrolet,Camaro ZL1,2021,Electric,650,650,3.5,"64,695"
Chevrolet,Camaro ZL1,2021,Electric,650,650,3.5,"64,695"
Dodge,Challenger SRT Hellcat,2022,Electric,717,656,3.5,"69,995"
Audi,RS 5,2022,Electric,444,443,3.5,"76,700"
Chevrolet,Camaro ZL1,2021,Electric,650,650,3.5,"64,195"
Audi,RS7,2021,Electric,591,590,3.5,"114,000"
Aston Martin,DB11,2021,Electric,630,516,3.5,"221,400"
Chevrolet,Camaro ZL1,2021,Electric,650,650,3.5,"64,000"
Dodge,Challenger SRT Hellcat,2021,Electric,717,656,3.5,"64,100"
Jaguar,F-Type R,2022,Electric,575,516,3.5,"103,200"
Mercedes-Benz,SL 63 AMG,2021,Electric,603,664,3.5,"155,000"
Audi,R8 Spyder,2022,Electric,562,406,3.5,"183,300"
Audi,RS7,2022,Electric,591,590,3.5,"117,000"
Aston Martin,Vantage,2021,Electric,503,505,3.5,"142,086"
Dodge,Challenger SRT Hellcat,2021,Electric,717,656,3.5,"64,000"
Aston Martin,Vantage,2021,Electric,503,505,3.5,"146,000"
Dodge,Challenger SRT Hellcat,2021,Electric,717,656,3.5,"64,195"
Aston Martin,Vantage,2021,Electric,503,505,3.5,"147,000"
Jaguar,F-Type R,2022,Electric,575,516,3.5,"103,200"
Chevrolet,Camaro ZL1,2021,Electric,650,650,3.5,"64,500"
Jaguar,F-Type R,2022,Electric,575,516,3.5,"103,200"
Audi,RS 5,2021,Electric,444,443,3.5,"75,100"
Chevrolet,Camaro ZL1,2021,Electric,650,650,3.5,"64,995"
Dodge,Challenger SRT Hellcat,2022,Electric,717,656,3.5,"70,000"
Jaguar,F-Type,2022,Electric,575,516,3.5,"103,200"
Audi,RS7,2021,Electric,591,590,3.5,"114,000"
Lamborghini,Urus,2021,Electric,641,627,3.5,"218,000"
Jaguar,F-Type R,2022,Electric,575,516,3.5,"103,200"
Jaguar,F-Type,2021,Electric,575,516,3.5,"103,200"
Audi,RS 7,2021,Electric,591,590,3.5,"114,000"
Jaguar,F-Type R,2021,Electric,575,516,3.5,"105,900"
Dodge,Challenger Hellcat,2022,Electric,717,656,3.5,"67,500"
Audi,RS6 Avant,2021,Electric,591,590,3.5,"109,000"
Audi,RS 7 Sportback,2021,Electric,591,590,3.5,"114,000"
Chevrolet,Camaro ZL1,2021,Electric,650,650,3.5,"62,500"
Chevrolet,Camaro ZL1,2022,Electric,650,650,3.5,"64,000"
Chevrolet,Camaro ZL1,2021,Electric,650,650,3.5,"62,000"
Dodge,Challenger SRT Hellcat,2022,Electric,717,656,3.5,"61,500"
Mercedes-Benz,SLS AMG Black Series,2014,Electric,622,468,3.5,"275,000"
Aston Martin,Vantage,2021,Electric,503,505,3.5,"142,086"
Dodge,Challenger SRT Hellcat,2022,Electric,717,656,3.5,"61,000"
Audi,RS7,2022,Electric,591,590,3.5,"115,000"
Aston Martin,DB11,2021,Electric,630,516,3.5,"201,495"
Aston Martin,Vantage,2022,Electric,503,505,3.5,"142,086"
Chevrolet,Camaro ZL1,2022,Electric,650,650,3.5,"69,000"
Dodge,Challenger SRT Hellcat,2021,Electric,717,656,3.5,"65,000"
Lamborghini,Urus,2021,Electric,641,626,3.5,"218,000"
Aston Martin,Vantage,2022,Electric,503,505,3.5,"152,995"
Ford,Mustang Shelby GT500,2022,Electric,760,625,3.5,"81,000"
Audi,RS 6,2021,Electric,591,590,3.5,"109,000"
Chevrolet,Camaro ZL1,2021,Electric,650,650,3.5,"64,695"
Aston Martin,Vantage,2021,Electric,503,505,3.5,"146,000"
Mercedes-Benz,AMG GT R,2021,Electric,577,516,3.5,"180,000"
Audi,RS 7,2021,Electric,591,590,3.5,"114,000"
Lamborghini,Urus,2021,Electric,641,627,3.6,"218,009"
Mercedes-Benz,SLS AMG,2021,Electric,577,516,3.6,"247,500"
Aston Martin,Vantage,2021,Electric,503,505,3.6,"146,000"
Audi,TT RS,2022,Electric,394,354,3.6,"67,600"
Audi,TT RS,2022,Electric,394,354,3.6,"67,600"
Bentley,Continental GT,2021,Electric,626,664,3.6,"203,825"
Lamborghini,Urus,2021,Electric,641,627,3.6,"222,000"
Audi,TT RS,2021,Electric,394,354,3.6,"67,600"
Aston Martin,Vantage,2021,Electric,503,505,3.6,"151,000"
Audi,TT RS,2021,Electric,394,354,3.6,"68,000"
Dodge,Charger SRT Hellcat,2022,Electric,717,650,3.6,"71,490"
Audi,RS5,2021,Electric,444,443,3.6,"75,400"
Lamborghini,Urus,2021,Electric,641,627,3.6,"218,009"
Mercedes-Benz,SLS AMG,2021,Electric,622,468,3.6,"254,500"
Bentley,Continental GT,2021,Electric,626,664,3.6,"202,500"
Mercedes-Benz,SLS AMG,2015,Electric,622,468,3.6,"228,000"
Bentley,Continental GT,2021,Electric,626,664,3.6,"220,300"
Audi,TT RS Coupe,2021,Electric,394,354,3.6,"67,600"
Bentley,Continental GT,2021,Electric,626,664,3.6,"202,500"
Lamborghini,Urus,2021,Electric,641,627,3.6,"222,004"
Aston Martin,Vantage,2021,Electric,503,505,3.6,"146,000"
Audi,TT RS,2021,Electric,394,354,3.6,"67,600"
Audi,TT RS,2022,Electric,394,354,3.6,"69,900"
Aston Martin,Vantage,2021,Electric,503,505,3.6,"146,000"
Lamborghini,Urus,2021,Electric,641,627,3.6,"222,004"
Aston Martin,Vantage,2022,Electric,503,505,3.6,"146,000"
Audi,TT RS,2022,Electric,394,354,3.6,"70,000"
Lamborghini,Urus,2021,Electric,641,627,3.6,"218,009"
Bentley,Continental GT,2021,Electric,626,664,3.6,"201,000"
Mercedes-Benz,SLS AMG,2015,Electric,622,468,3.6,"200,000"
Audi,TT RS,2022,Electric,394,354,3.6,"67,600"
Aston Martin,Vantage,2021,Electric,503,505,3.6,"147,000"
Audi,RS 3,2022,Electric,401,369,3.6,"56,200"
Mercedes-Benz,SLS AMG,2015,Electric,622,468,3.6,"229,000"
Audi,TT RS,2021,Electric,394,354,3.6,"67,895"
Lamborghini,Urus,2021,Electric,641,627,3.6,"222,004"
Dodge,Charger Hellcat,2021,Electric,717,650,3.6,"70,000"
Dodge,Challenger SRT Hellcat,2021,Electric,717,656,3.6,"71,000"
Aston Martin,Vantage,2021,Electric,503,505,3.6,"142,086"
Lamborghini,Urus,2021,Electric,641,627,3.6,"218,009"
Mercedes-Benz,SLS AMG,2015,Electric,583,479,3.6,"221,580"
Audi,TT RS,2022,Electric,394,354,3.6,"69,000"
Lamborghini,Urus,2021,Electric,641,627,3.6,"222,000"
Bentley,Continental GT,2021,Electric,626,664,3.6,"218,400"
Dodge,Charger Hellcat,2021,Electric,707,650,3.6,"69,995"
Mercedes-Benz,SLS AMG,2021,Electric,622,468,3.6,"254,995"
Dodge,Charger Hellcat,2021,Electric,717,650,3.6,"71,490"
Mercedes-Benz,SLS AMG,2015,Electric,583,479,3.6,"221,580"
Bentley,Continental GT,2021,Electric,626,664,3.6,"225,000"
Audi,TT RS,2022,Electric,394,354,3.6,"67,800"
Audi,TT RS,2021,Electric,394,354,3.6,"67,600"
Aston Martin,DB11,2021,Electric,630,516,3.7,"198,995"
Mercedes-Benz,SLS AMG,2015,Electric,622,468,3.7,"221,580"
Audi,RS5,2022,Electric,444,443,3.7,"75,100"
Audi,RS5,2022,Electric,444,443,3.7,"77,250"
Mercedes-Benz,SLS AMG,2015,Electric,622,468,3.7,"221,580"
Aston Martin,DB11,2021,Electric,503,498,3.7,"205,600"
Mercedes-AMG,C63 S,2022,Electric,503,516,3.7,"78,100"
Audi,RS 5,2022,Electric,444,443,3.7,"75,100"
Aston Martin,DB11,2022,Electric,503,513,3.7,"204,100"
Aston Martin,DB11,2021,Electric,630,516,3.7,"209,000"
Mercedes-AMG,C 63 S Coupe,2022,Electric,503,516,3.7,"80,900"
Mercedes-AMG,C 63 S,2022,Electric,503,516,3.7,"81,550"
Mercedes-Benz,SLS AMG,2021,Electric,622,468,3.7,"239,100"
Mercedes-AMG,C63 S Coupe,2021,Electric,503,516,3.7,"77,500"
Mercedes-AMG,C63 S Coupe,2021,Electric,503,516,3.7,"77,950"
Aston Martin,DB11,2022,Electric,630,516,3.7,"201,495"
Audi,RS 5 Coupe,2021,Electric,444,443,3.7,"75,100"
Mercedes-AMG,C 63 S Coupe,2022,Electric,503,516,3.7,"77,000"
Mercedes-Benz,AMG C 63 S,2021,Electric,503,516,3.7,"77,400"
Lotus,Evora GT,2021,Electric,416,317,3.7,"99,800"
Audi,RS5 Coupe,2022,Electric,444,443,3.7,"76,450"
Porsche,Taycan,2022,Electric,469,263,3.8,"81,250"
BMW,M4,2021,Electric,473,406,3.8,"71,800"
BMW,M4 Competition,2022,Electric,503,479,3.8,"74,700"
Alfa Romeo,Giulia Quadrifoglio,2022,Electric,505,443,3.8,"83,250"
Lotus,Evora GT,2021,Electric,416,317,3.8,"105,000"
BMW,M4,2022,Electric,503,479,3.8,"74,000"
Mercedes-Benz,AMG C63,2022,Electric,469,479,3.8,"71,450"
Lotus,Evora GT,2021,Electric,416,317,3.8,"99,990"
Lotus,Evora GT,2021,Electric,416,317,3.8,"100,000"
Lotus,Evora GT,2021,Electric,416,317,3.8,"98,395"
Mercedes-Benz,AMG C 63,2021,Electric,469,479,3.8,"67,600"
Alfa Romeo,Giulia Quadrifoglio,2021,Electric,505,443,3.8,"78,450"
BMW,M2 CS,2022,Electric,444,406,3.8,"84,595"
Dodge,Challenger,2021,Electric,485,475,3.8,"62,000"
BMW,M4,2022,Electric,473,406,3.8,"71,800"
Alfa Romeo,Giulia Quadrifoglio,2021,Electric,505,443,3.8,"75,250"
Mercedes-Benz,AMG GT,2021,Electric,523,494,3.8,"118,500"
Lotus,Evora GT,2021,Electric,416,317,3.8,"99,000"
Mercedes-Benz,AMG C 63,2021,Electric,469,479,3.8,"69,900"
Lotus,Evora GT,2021,Electric,416,317,3.8,"100,000"
Lotus,Evora GT,2021,Electric,416,317,3.8,"100,500"
Lotus,Evora GT,2021,Electric,416,317,3.8,"105,000"
Lotus,Evora GT,2021,Electric,416,317,3.8,"104,400"
Alfa Romeo,Giulia Quadrifoglio,2021,Electric,505,443,3.8,"74,750"
BMW,M4,2022,Electric,503,479,3.8,"71,800"
Mercedes-Benz,AMG C63,2021,Electric,503,516,3.8,"68,000"
Lotus,Evora,2021,Electric,416,317,3.8,"96,950"
Alfa Romeo,Giulia Quadrifoglio,2021,Electric,505,443,3.8,"76,950"
Lotus,Evora GT,2021,Electric,416,317,3.8,"105,000"
Lotus,Evora GT,2021,Electric,416,317,3.8,"100,450"
Lotus,Evora GT,2021,Electric,416,317,3.8,"104,200"
Lotus,Evora GT,2021,Electric,416,317,3.8,"96,950"
Mercedes-Benz,AMG C63,2022,Electric,503,516,3.8,"69,900"
BMW,M2 CS,2022,Electric,444,406,3.8,"84,595"
Lotus,Evora GT,2021,Electric,416,317,3.8,"104,970"
Lotus,Evora GT,2021,Electric,416,317,3.8,"105,950"
Mercedes-Benz,AMG C63,2021,Electric,503,516,3.8,"77,500"
Lotus,Evora GT,2021,Electric,416,317,3.8,"96,950"
BMW,M2 CS,2022,Electric,444,406,3.8,"84,595"
Mercedes-Benz,C63 AMG,2021,Electric,503,516,3.8,"70,100"
Lotus,Evora GT,2021,Electric,416,317,3.8,"100,450"
Lotus,Evora GT,2021,Electric,416,317,3.8,"105,000"
Porsche,Taycan 4S,2022,Electric,482,472,3.8,"102,900"
Alfa Romeo,Giulia Quadrifoglio,2022,Electric,505,443,3.8,"81,250"
BMW,M4 Coupe,2021,Electric,473,406,3.8,"71,800"
Lotus,Evora GT,2021,Electric,416,317,3.8,"105,000"
Mercedes-Benz,AMG C 63,2022,Electric,503,516,3.8,"70,000"
Mercedes-Benz,AMG C63,2021,Electric,469,479,3.8,"71,350"
Lotus,Evora,2021,Electric,416,317,3.8,"94,000"
Lotus,Evora GT,2020,Electric,416,317,3.8,"96,950"
Alfa Romeo,Giulia Quadrifoglio,2022,Electric,505,443,3.8,"80,500"
BMW,M4,2022,Electric,503,479,3.8,"75,000"
Lotus,Evora GT,2022,Electric,416,317,3.8,"105,000"
Lotus,Evora GT,2021,Electric,416,317,3.8,"100,450"
Lotus,Evora GT,2021,Electric,416,317,3.8,"105,000"
Alfa Romeo,Giulia Quadrifoglio,2022,Electric,505,443,3.8,"78,000"
Mercedes-Benz,AMG GT,2021,Electric,523,494,3.8,"118,500"
Lotus,Evora GT,2022,Electric,416,317,3.8,"105,000"
Porsche,Taycan 4S,2021,Electric,429,472,3.8,"103,800"
Lotus,Evora GT,2021,Electric,416,317,3.8,"104,450"
Lotus,Evora GT,2021,Electric,416,317,3.8,"100,450"
BMW,M2 CS,2022,Electric,444,406,3.8,"84,595"
BMW,M4,2022,Electric,503,479,3.8,"72,800"
Porsche,Taycan 4S,2022,Electric,562,479,3.8,"104,000"
Alfa Romeo,Giulia Quadrifoglio,2021,Electric,505,443,3.8,"75,000"
Mercedes-Benz,AMG GT,2021,Electric,523,494,3.8,"118,500"
TVR,Griffith,2022,Electric,500,479,3.8,"123,500"
Alfa Romeo,Giulia Quadrifoglio,2021,Electric,505,443,3.8,"76,400"
Porsche,Cayman GT4,2022,Electric,414,309,3.8,"100,200"
Bentley,Continental GT,2022,Electric,542,568,3.9,"207,825"
Mercedes-Benz,C 63 AMG,2022,Electric,469,479,3.9,"69,000"
Toyota,Supra,2022,Electric,382,368,3.9,"43,090"
Toyota,GR Supra,2022,Electric,382,368,3.9,"43,090"
Toyota,GR Supra,2022,Electric,382,368,3.9,"43,090"
Toyota,Supra,2021,Electric,382,368,3.9,"43,000"
BMW,M4 Competition,2021,Electric,503,479,3.9,"75,695"
Bentley,Continental GT,2021,Electric,542,568,3.9,"220,000"
Porsche,Panamera GTS,2021,Electric,473,457,3.9,"134,150"
Toyota,Supra,2022,Electric,382,368,3.9,"43,090"
TVR,Griffith,2021,Electric,500,420,3.9,"157,500"
Mercedes-Benz,AMG C 63,2021,Electric,469,479,3.9,"69,900"
BMW,Z4 M40i,2022,Electric,382,369,3.9,"63,700"
Aston Martin,DB11,2021,Electric,503,513,3.9,"205,000"
Audi,RS3,2022,Electric,394,369,3.9,"56,200"
Bentley,Continental GT,2022,Electric,542,568,3.9,"219,800"
Mercedes-Benz,C63 AMG,2021,Electric,469,479,3.9,"77,000"
Bentley,Continental GT,2022,Electric,542,568,3.9,"202,500"
Mercedes-Benz,C63 S AMG,2022,Electric,503,516,3.9,"77,600"
Bentley,Continental GT,2022,Electric,542,568,3.9,"229,000"
Audi,RS3,2022,Electric,394,369,3.9,"57,000"
Chevrolet,Camaro SS 1LE,2021,Electric,455,455,4.0,"44,500"
Ford,Mustang Mach 1,2021,Electric,480,420,4.0,"51,000"
Chevrolet,Camaro SS Convertible,2022,Electric,455,455,4.0,"49,000"
BMW,M2,2022,Electric,405,406,4.0,"58,900"
BMW,M2 Competition,2021,Electric,405,406,4.0,"58,900"
Chevrolet,Camaro,2022,Electric,455,455,4.0,"25,000"
BMW,M2 Competition,2022,Electric,405,406,4.0,"59,895"
Aston Martin,DB11,2021,Electric,503,513,4.0,"201,495"
Ford,Mustang GT,2022,Electric,460,420,4.0,"38,500"
Chevrolet,Camaro SS,2021,Electric,455,455,4.0,"42,000"
BMW,M2 Competition,2022,Electric,405,406,4.0,"59,895"
BMW,M2,2022,Electric,405,406,4.0,"58,900"
BMW,M2,2022,Electric,405,406,4.0,"58,900"
BMW,M2,2022,Electric,405,406,4.0,"58,900"
BMW,M2 Competition,2022,Electric,405,406,4.0,"59,895"
Chevrolet,Camaro SS,2021,Electric,455,455,4.0,"42,000"
Chevrolet,Camaro SS,2021,Electric,455,455,4.0,"40,000"
Ford,Mustang Mach 1,2021,Electric,480,420,4.0,"51,720"
Mercedes-Benz,AMG A45,2021,Electric,382,354,4.0,"50,000"
Chevrolet,Camaro,2021,Electric,455,455,4.0,"25,000"
BMW,M2 CS,2022,Electric,444,406,4.0,"84,595"
Chevrolet,Camaro SS,2021,Electric,455,455,4.0,"42,000"
Chevrolet,Camaro SS,2021,Electric,455,455,4.0,"42,000"
Ford,Mustang Mach 1,2021,Electric,480,420,4.0,"52,720"
Porsche,911,2022,Electric,379,331,4.0,"101,200"
Chevrolet,Camaro,2022,Electric,455,455,4.0,"62,195"
BMW,M2,2021,Electric,405,406,4.0,"58,900"
BMW,M2 Competition,2021,Electric,405,406,4.0,"58,900"
BMW,M4,2021,Electric,473,406,4.0,"72,800"
Chevrolet,Camaro,2021,Electric,455,455,4.0,"25,000"
Chevrolet,Camaro SS,2022,Electric,455,455,4.0,"43,995"
Chevrolet,Camaro,2021,Electric,455,455,4.0,"25,000"
Chevrolet,Camaro SS,2021,Electric,455,455,4.0,"42,000"
Ford,Mustang Mach 1,2021,Electric,480,420,4.0,"52,915"
BMW,M4,2022,Electric,473,406,4.0,"72,800"
Ford,Mustang GT,2022,Electric,460,420,4.0,"45,000"
Porsche,911,2022,Electric,379,331,4.0,"101,200"
BMW,M2,2022,Electric,405,406,4.0,"58,900"
Chevrolet,Camaro SS,2021,Electric,455,455,4.0,"42,900"
BMW,M2,2022,Electric,405,406,4.0,"58,900"
BMW,M2,2022,Electric,405,406,4.0,"58,900"
Nissan,400Z,2023,Electric,400,350,4.0,"40,000"
Ford,Mustang Mach 1,2021,Electric,480,420,4.1,"51,720"
BMW,M4,2022,Electric,473,406,4.1,"72,800"
BMW,M4,2022,Electric,473,406,4.1,"73,795"
BMW,M4,2022,Electric,473,406,4.1,"71,800"
BMW,M4,2022,Electric,473,406,4.1,"71,800"
BMW,M4,2021,Electric,473,406,4.1,"71,800"
Alfa Romeo,4C Spider,2020,Electric,237,258,4.1,"68,745"
Alfa Romeo,4C Spider,2020,Electric,237,258,4.1,"69,000"
Chevrolet,Camaro SS,2021,Electric,455,455,4.1,"43,995"
Chevrolet,Camaro SS,2021,Electric,455,455,4.1,"42,500"
Chevrolet,Camaro SS,2022,Electric,455,455,4.1,"44,000"
Chevrolet,Camaro SS,2021,Electric,455,455,4.1,"40,590"
BMW,M2,2022,Electric,405,406,4.1,"58,900"
Chevrolet,Camaro SS,2022,Electric,455,455,4.1,"37,500"
BMW,M4,2021,Electric,473,406,4.1,"71,800"
BMW,M4,2022,Electric,473,406,4.1,"72,800"
BMW,M4,2022,Electric,473,406,4.1,"72,800"
BMW,M4,2022,Electric,473,406,4.1,"72,800"
Alfa Romeo,4C Spider,2020,Electric,237,258,4.1,"67,150"
Alfa Romeo,4C Spider,2020,Electric,237,258,4.1,"67,150"
Polestar,1,2021,Electric,600,738,4.1,"155,000"
Alfa Romeo,4C,2020,Electric,237,258,4.1,"67,150"
BMW,M4,2022,Electric,473,406,4.1,"71,800"
BMW,M4,2022,Electric,473,406,4.1,"71,800"
Chevrolet,Camaro SS,2022,Electric,455,455,4.1,"42,000"
Porsche,Cayman GT4,2021,Electric,414,309,4.2,"102,550"
Porsche,Cayman GT4,2022,Electric,414,309,4.2,"100,200"
Porsche,Cayman GT4,2022,Electric,414,309,4.2,"102,900"
Porsche,Cayman GT4,2022,Electric,414,309,4.2,"102,550"
BMW,i8,2022,Electric,369,184,4.2,"147,500"
BMW,M2,2022,Electric,405,406,4.2,"58,900"
Porsche,Cayman GT4,2021,Electric,414,309,4.2,"102,000"
Shelby,Cobra,1965,Electric,435,440,4.2,"1,000,000"
BMW,M2,2022,Electric,405,406,4.2,"58,900"
Porsche,Cayman GT4,2021,Electric,414,309,4.2,"101,000"
Porsche,Cayman GT4,2022,Electric,414,309,4.2,"101,200"
BMW,i8,2020,Electric,369,420,4.2,"148,500"
Porsche,718 Cayman GT4,2022,Electric,414,309,4.2,"102,550"
Alfa Romeo,4C,2020,Electric,237,258,4.2,"67,150"
BMW,i8,2022,Electric,369,184,4.2,"147,500"
Porsche,Cayman GT4,2022,Electric,414,309,4.2,"102,900"
BMW,M2,2022,Electric,405,406,4.2,"59,000"
Porsche,Cayman GT4,2021,Electric,414,309,4.2,"102,000"
Porsche,Cayman GT4,2021,Electric,414,309,4.2,"102,500"
Porsche,Cayman GT4,2021,Electric,414,309,4.2,"102,550"
BMW,i8,2022,Electric,369,184,4.2,"148,500"
Porsche,718 Cayman GT4,2022,Electric,414,309,4.2,"100,550"
Porsche,Cayman GT4,2021,Electric,414,309,4.2,"100,200"
BMW,M2 Competition,2022,Electric,405,406,4.2,"58,900"
Porsche,718 Cayman GT4,2022,Electric,414,309,4.2,"102,000"
Porsche,Cayman GT4,2021,Electric,414,309,4.2,"102,000"
Porsche,Cayman GT4,2021,Electric,414,309,4.2,"101,200"
Porsche,Cayman GT4,2022,Electric,414,309,4.2,"102,100"
Porsche,Cayman GT4,2022,Electric,414,309,4.2,"102,000"
Porsche,Cayman GT4,2021,Electric,414,309,4.2,"102,500"
Porsche,Cayman GT4,2022,Electric,414,309,4.2,"102,100"
Porsche,Cayman GT4,2021,Electric,414,309,4.2,"100,200"
Ford,Mustang Mach 1,2021,Electric,480,420,4.3,"52,915"
Rolls-Royce,Wraith,2021,Electric,624,605,4.3,"330,000"
Rolls-Royce,Dawn,2021,Electric,563,605,4.3,"346,300"
Rolls-Royce,Wraith,2021,Electric,624,605,4.3,"330,000"
Ford,Mustang GT,2022,Electric,460,420,4.3,"39,000"
BMW,Z4 M40i,2022,Electric,382,369,4.3,"63,700"
Ford,Mustang GT,2022,Electric,460,420,4.3,"36,120"
Chevrolet,Camaro SS,2022,Electric,455,455,4.3,"42,500"
Lexus,LC 500,2022,Electric,471,398,4.4,"93,050"
Lexus,LC 500,2021,Electric,471,398,4.4,"93,050"
Lexus,LC 500,2021,Electric,471,398,4.4,"93,000"
Rolls-Royce,Wraith,2021,Electric,624,605,4.4,"330,000"
Lexus,LC 500,2022,Electric,471,398,4.4,"102,550"
Lexus,LC 500,2021,Electric,471,398,4.4,"92,950"
Rolls-Royce,Wraith,2022,Electric,624,605,4.4,"330,000"
Rolls-Royce,Wraith,2021,Electric,624,605,4.4,"330,000"
Lexus,LC 500,2022,Electric,471,398,4.4,"92,950"
Lexus,LC 500,2022,Electric,471,398,4.4,"92,950"
Jaguar,F-Type,2021,Electric,380,339,4.4,"62,750"
Lexus,LC 500,2021,Electric,471,398,4.4,"92,000"
Audi,S5,2022,Electric,349,369,4.4,"52,500"
Lexus,LC 500,2022,Electric,471,398,4.4,"92,950"
Lexus,LC 500,2022,Electric,471,398,4.4,"92,950"
Rolls-Royce,Wraith,2021,Electric,624,605,4.4,"338,000"
Lexus,LC 500,2022,Electric,471,398,4.4,"92,000"
Lexus,LC 500,2021,Electric,471,398,4.4,"92,950"
Lexus,LC 500,2021,Electric,471,398,4.4,"92,950"
Lexus,LC 500,2022,Electric,471,398,4.4,"93,050"
Lexus,LC 500,2022,Electric,471,398,4.4,"92,950"
Lexus,LC,2021,Electric,471,398,4.4,"92,950"
Alpine,A110,2021,Electric,288,236,4.4,"71,500"
Lexus,LC,2021,Electric,471,398,4.4,"92,950"
Mercedes-Benz,SL,2022,Electric,429,384,4.4,"96,000"
Audi,S5,2022,Electric,349,369,4.4,"52,500"
Lexus,LC 500,2021,Electric,471,398,4.4,"92,950"
Lexus,LC 500,2021,Electric,471,398,4.4,"92,950"
Lexus,LC 500,2021,Electric,471,398,4.4,"93,000"
Lexus,LC 500,2022,Electric,471,398,4.4,"93,050"
Lexus,LC 500,2021,Electric,471,398,4.4,"92,950"
Rolls-Royce,Wraith,2021,Electric,624,642,4.4,"330,000"
Lexus,LC 500,2021,Electric,471,398,4.4,"92,950"
Lexus,LC 500,2022,Electric,471,398,4.4,"92,000"
Rolls-Royce,Wraith,2021,Electric,624,605,4.4,"335,550"
Lexus,LC 500,2022,Electric,471,398,4.4,"92,950"
Lexus,LC 500,2022,Electric,471,398,4.4,"92,950"
Porsche,Cayman,2022,Electric,300,280,4.5,"59,900"
Nissan,370Z Nismo,2021,Electric,350,276,4.5,"45,790"
Nissan,370Z Nismo,2021,Electric,350,276,4.5,"45,690"
Porsche,718 Cayman,2021,Electric,300,280,4.5,"61,500"
Porsche,718 Cayman,2022,Electric,300,280,4.5,"61,000"
Porsche,Cayman,2022,Electric,365,309,4.5,"68,900"
Mercedes-Benz,AMG C43 Coupe,2021,Electric,385,384,4.5,"59,900"
Ford,Mustang GT,2022,Electric,460,420,4.5,"43,000"
Nissan,370Z Nismo,2020,Electric,350,276,4.6,"45,790"
Mercedes-Benz,SLC 43,2020,Electric,385,384,4.6,"62,000"
Nissan,370Z Nismo,2021,Electric,350,276,4.6,"47,820"
Rolls-Royce,Ghost,2021,Electric,563,627,4.6,"332,500"
Nissan,370Z Nismo,2021,Electric,350,276,4.6,"45,000"
Subaru,WRX STI,2021,Electric,310,290,4.6,"38,170"
Nissan,370Z Nismo,2020,Electric,350,276,4.7,"47,190"
Maserati,GranTurismo,2021,Electric,454,384,4.7,"150,980"
Maserati,GranTurismo,2022,Electric,454,384,4.7,"150,980"
Maserati,GranTurismo,2021,Electric,454,384,4.7,"150,000"
Nissan,370Z Nismo,2021,Electric,350,276,4.7,"46,000"
Maserati,GranTurismo,2022,Electric,454,384,4.7,"150,980"
Maserati,GranTurismo,2021,Electric,454,384,4.7,"133,050"
Maserati,GranTurismo,2021,Electric,454,384,4.7,"134,300"
Maserati,GranTurismo,2022,Electric,454,384,4.7,"134,300"
Maserati,GranTurismo,2019,Electric,454,384,4.7,"150,980"
Porsche,718 Cayman,2022,Electric,300,280,4.7,"60,500"
Maserati,GranTurismo,2022,Electric,454,384,4.7,"134,300"
Maserati,GranTurismo,2021,Electric,454,384,4.7,"150,980"
Nissan,370Z,2021,Electric,332,270,4.7,"31,015"
Kia,Stinger,2022,Electric,368,376,4.7,"52,200"
Maserati,GranTurismo,2021,Electric,454,384,4.7,"134,300"
Porsche,Boxster,2021,Electric,300,280,4.7,"62,000"
Maserati,GranTurismo,2021,Electric,454,384,4.7,"135,000"
Maserati,GranTurismo,2021,Electric,454,384,4.7,"150,800"
Maserati,GranTurismo,2021,Electric,454,384,4.7,"150,980"
Jaguar,F-Type,2022,Electric,380,339,4.8,"62,250"
Maserati,GranTurismo,2021,Electric,454,384,4.8,"150,980"
Nissan,370Z Nismo,2021,Electric,350,276,4.8,"45,790"
Maserati,GranTurismo,2021,Electric,454,384,4.8,"134,300"
Maserati,GranTurismo,2021,Electric,454,384,4.8,"132,400"
Maserati,GranTurismo,2021,Electric,454,384,4.8,"150,000"
Maserati,GranTurismo,2020,Electric,454,384,4.8,"150,000"
Nissan,370Z Nismo,2021,Electric,350,276,4.8,"45,790"
Maserati,GranTurismo,2020,Electric,454,384,4.8,"150,400"
Maserati,GranTurismo,2022,Electric,454,384,4.8,"132,795"
Nissan,370Z Nismo,2021,Electric,350,276,4.8,"45,000"
Nissan,370Z Nismo,2021,Electric,350,276,4.8,"46,100"
Maserati,GranTurismo,2022,Electric,454,384,4.8,"134,300"
Nissan,370Z Nismo,2021,Electric,350,276,4.8,"46,610"
Maserati,GranTurismo,2021,Electric,454,384,4.8,"134,300"
Jaguar,F-Type,2022,Electric,380,339,4.9,"70,900"
Porsche,718 Boxster,2022,Electric,300,280,4.9,"62,000"
Porsche,Cayman,2022,Electric,300,280,4.9,"59,900"
Nissan,370Z Nismo,2021,Electric,350,276,4.9,"45,790"
Porsche,Cayman,2022,Electric,300,280,4.9,"68,000"
Porsche,718 Boxster,2021,Electric,300,280,4.9,"62,000"
Jaguar,F-Type,2022,Electric,380,339,4.9,"71,900"
Mercedes-Benz,SL,2022,Electric,429,384,4.9,"96,250"
Jaguar,F-Type,2021,Electric,380,339,4.9,"63,100"
Porsche,718 Cayman,2022,Electric,300,280,4.9,"61,500"
Porsche,Boxster,2022,Electric,300,280,4.9,"63,000"
Porsche,Boxster,2021,Electric,300,280,4.9,"62,000"
Porsche,718 Cayman,2022,Electric,300,280,4.9,"61,500"
Porsche,718 Boxster,2021,Electric,300,280,4.9,"62,000"
Jaguar,F-Type,2021,Electric,380,339,4.9,"62,750"
Porsche,718 Boxster,2022,Electric,300,280,4.9,"62,000"
Jaguar,F-Type,2022,Electric,380,339,4.9,"69,900"
Porsche,718 Boxster,2022,Electric,300,280,4.9,"63,000"
Nissan,370Z,2021,Electric,332,270,4.9,"30,090"
Nissan,370Z Nismo,2021,Electric,350,276,4.9,"47,820"
Porsche,718 Cayman,2021,Electric,300,280,4.9,"59,900"
Porsche,Cayman,2022,Electric,300,280,4.9,"59,900"
Jaguar,F-Type,2022,Electric,380,339,4.9,"70,100"
Porsche,718 Cayman,2022,Electric,300,280,4.9,"60,500"
Porsche,718 Cayman,2022,Electric,300,280,4.9,"61,500"
Nissan,370Z Nismo,2021,Electric,350,276,4.9,"45,790"
Nissan,370Z Nismo,2020,Electric,350,276,5.0,"46,815"
Nissan,370Z,2021,Electric,332,270,5.0,"30,000"
Nissan,370Z Nismo,2021,Electric,350,276,5.0,"48,000"
Nissan,370Z Nismo,2021,Electric,350,276,5.0,"45,000"
Nissan,370Z,2021,Electric,332,270,5.0,"30,090"
Nissan,370Z Nismo,2021,Electric,350,276,5.0,"46,100"
Nissan,370Z Nismo,2021,Electric,350,276,5.0,"45,000"
Nissan,370Z Nismo,2021,Electric,350,276,5.0,"47,190"
Nissan,370Z Nismo,2021,Electric,350,276,5.0,"48,000"
Nissan,370Z,2021,Electric,332,270,5.0,"30,090"
Nissan,370Z Coupe,2020,Electric,332,270,5.0,"30,090"
Nissan,370Z,2021,Electric,332,270,5.1,"30,090"
Dodge,Challenger R/T,2021,Electric,372,400,5.1,"35,000"
Porsche,Panamera,2021,Electric,325,331,5.1,"87,200"
Porsche,Taycan,2021,Electric,402,254,5.1,"81,250"
Porsche,Taycan,2022,Electric,402,254,5.1,"81,250"
Porsche,Cayman,2021,Electric,300,280,5.1,"59,900"
Porsche,Cayman,2021,Electric,300,280,5.1,"58,900"
Subaru,WRX STI,2022,Electric,310,290,5.2,"38,170"
Nissan,370Z,2021,Electric,332,270,5.2,"30,000"
BMW,Z4 Roadster,2022,Electric,255,295,5.2,"50,000"
Porsche,Panamera,2022,Electric,325,331,5.2,"88,550"
Nissan,370Z Nismo,2020,Electric,350,276,5.2,"46,200"
Subaru,WRX STI,2021,Electric,310,290,5.2,"38,170"
Nissan,370Z Nismo,2021,Electric,350,276,5.2,"45,000"
Porsche,Panamera,2022,Electric,325,331,5.3,"88,550"
Porsche,Panamera,2022,Electric,325,331,5.3,"88,800"
Nissan,370Z,2021,Electric,332,270,5.3,"33,000"
Nissan,370Z,2021,Electric,350,276,5.3,"30,090"
Porsche,Panamera,2022,Electric,325,332,5.3,"87,200"
Porsche,Panamera,2022,Electric,325,331,5.3,"88,700"
Ford,Mustang,2021,Electric,310,350,5.3,"27,205"
Porsche,Panamera,2022,Electric,325,331,5.4,"88,550"
Porsche,Panamera,2022,Electric,325,331,5.4,"88,550"
Jaguar,F-Type,2022,Electric,296,295,5.4,"70,100"
Jaguar,F-Type,2022,Electric,296,295,5.4,"62,750"
Jaguar,F-Type,2022,Electric,296,295,5.4,"61,600"
Jaguar,F-Type,2022,Electric,296,295,5.4,"63,700"
Jaguar,F-Type,2022,Electric,296,295,5.4,"62,750"
Jaguar,F-Type,2021,Electric,296,295,5.4,"64,700"
Jaguar,F-Type,2022,Electric,296,295,5.4,"62,500"
Jaguar,F-Type,2022,Electric,296,295,5.4,"61,600"
Dodge,Challenger,2022,Electric,305,268,6.4,"28,000"
Mazda,MX-5 Miata,2021,Electric,181,151,6.5,"26,830"
